Time,Event,Organizer,Venue,Registration,Notes,Categories
Feb21,Mount Elbert Climb,Ruben Wolff,Mount Elbert,https://lu.ma/f2objzva,,Mountain / Retreat / Outdoor Activity
Feb21,"The Games by Nillion, Scroll and Mensana Fitness","Mensana Fitness, Nillion and Scroll",CrossFit LoDo,https://lu.ma/ghhbt618,,Gaming / Sport / Physical Activity
Feb21,"ONE OF US Powerlift // Aya, Cuids, Moonring, Shard, ForUAI & 071Labs","Aya, Cuids, Moonring, Shard, ForUAI and 071 Labs",ETHDenver,https://lu.ma/f78952is,,Gaming / Sport / Physical Activity
Feb21,BV’s BuffiTank Pitchfest,illestrater,National Western Stock Show,https://lu.ma/gtih35n,,Startup / Pitch / Investor
Feb21,PEVECA Investors – Roundtable Breakfast Mixer,Next Block,Register to see address,https://lu.ma/tgbmjcu,,"Networking / Social, Startup / Pitch / Investor"
Feb21,CEX Listing: Token Self-Scaling,LATOKEN,Register to see address,https://lu.ma/ece063bx,,Networking / Social
Feb21,The AI-Powered Data Economy Driving Longevity,Avinas Labs,Denver Art Museum,https://lu.ma/4n08hje9,,Networking / Social
Feb21,Not Your Ordinary Crypto Brunch @ ETH Denver w/ Halborn & Orbs,Halborn and Orbs,Register to see address,https://lu.ma/ethdenverbrunch,,"Brand / Ecosystem House / Lounge, Food / Drink / Dining Experience, Networking / Social"
Feb21,Abstract Dinner,Everclear,Register to see address,https://lu.ma/abstractdenver,,Food / Drink / Dining Experience
Feb21,VIDEO GAME PARTY by funny.money,Funny Money,Register to see address,https://lu.ma/5wv7czq9,,"Gaming / Sport / Physical Activity, Party / After-hours / Entertainment"
Feb21,Winter Blunt Olympics: Race across Mount Kushmore,BluntDAO,Register to see address,https://lu.ma/5y5vo4nf,,"Gaming / Sport / Physical Activity, Mountain / Retreat / Outdoor Activity"
Feb21,DeFi Dialogs,Leveraged Tokenized Vaults,Register to see address,https://lu.ma/ydvnbwbi,,Summit / Talks / Panels / Education
Feb21,Agile GTM PITCH STATION @ ETHDenver,Agile GTM Capital,Register to see address,https://lu.ma/qetw8921,,"Brand / Ecosystem House / Lounge, Startup / Pitch / Investor"
Feb21,The Big Blockspace BBQ Cookout,WebZero and Polkadot,2345 7th St,https://lu.ma/bbqcookout,,"Brand / Ecosystem House / Lounge, Food / Drink / Dining Experience, Networking / Social"
Feb21,Last Call: Hopper DEX Closing Mansion Party,Crypto Fridays,Register to see address,https://lu.ma/7c1k9y4,,Party / After-hours / Entertainment
Feb21,ETHDenver Afterhours: BBQ & Chill,Normal Finance and 20 World,Register to see address,https://lu.ma/q11snua4,,"Brand / Ecosystem House / Lounge, Food / Drink / Dining Experience, Networking / Social, Party / After-hours / Entertainment"
Feb21,Girls in Governance | Dinner | ETHDenver 2025,"blockful, Danko (Balancen), and Fede (Mode)",Register to see address,https://lu.ma/gkfr8av6,,"Brand / Ecosystem House / Lounge, Food / Drink / Dining Experience"
Feb21,Fireside Network Societies (Night 5),Union X City,Register to see address,https://lu.ma/zi7oooh,,"Networking / Social, Party / After-hours / Entertainment"
Feb21,THE RARE SKI RETREAT,Vinith.N,Denver,https://lu.ma/jkflxixm,,Mountain / Retreat / Outdoor Activity
Feb14–27,Sending Flowers by Soulmates @ Zerion House,Soulmates,The Banshee House,https://lu.ma/di0pyyx,,Brand / Ecosystem House / Lounge
Feb20–Mar3,ZKVillage,ZKLab,Denver,https://www.zklab.systems/new-page,,Brand / Ecosystem House / Lounge
Feb22–Feb26,House of Ink: ETHDenver,Ink,Denver,https://lu.ma/kvjl82q,,Brand / Ecosystem House / Lounge
Feb22–Mar3,Sozu Haus Denver 2025,"Virtuals, Eliza, Mantle, Story, Kaito, Cookie, Virtue",Denver,https://lu.ma/qx54h73e,,Brand / Ecosystem House / Lounge
Feb23–Feb25,vlayer x ETH Denver Hacker House,vlayer,4745 Carr St,https://lu.ma/vlayerxethdenver,,"Brand / Ecosystem House / Lounge, Hackathon / Builder / Developer"
Feb23–Feb26,Hadron Ski House Denver,"Arpit, Hadron Founders Club and Ashwin",Breckenridge,https://lu.ma/e7mccpf1,,"Brand / Ecosystem House / Lounge, Mountain / Retreat / Outdoor Activity"
Feb23–Mar1,Nova Denver Free Consulting & Coworking,Nova Strategy,Colorado,https://lu.ma/ds2jm6jv,,"Brand / Ecosystem House / Lounge, Hackathon / Builder / Developer"
Feb23–Mar1,HackSecret ETH Denver Hackerhouse,Secret Network and Autonomys,Register to see address,https://lu.ma/1b214uv5?tk=Qglhok,One registration link with option to choose ticket type,"Brand / Ecosystem House / Lounge, Hackathon / Builder / Developer"
Feb23–Mar2,EduDAO Hacker House @ Denver,"EduDAO, Pool and Game7 DAO",Register to see address,https://lu.ma/dplhrura,,"Brand / Ecosystem House / Lounge, Hackathon / Builder / Developer"
Feb23–Mar2,Build Dapps in Denver with Web3 Alliance (Hackathon),Umar,Register to see address,https://lu.ma/6oy6evp,,"Brand / Ecosystem House / Lounge, Hackathon / Builder / Developer"
Feb23–Mar2,Carrot Castle × Knight Nibbles-a-Lot,Christina Borrow Lucid | Chones,Denver,https://app.unlock-protocol.com/event/,,Party / After-hours / Entertainment
Feb23–Mar2,Async House,=nil; Foundation,Register to see address,https://lu.ma/AsyncHouse,,Brand / Ecosystem House / Lounge
Feb23–Mar2,Async House @ ETHDenver 2025,=nil; Foundation,Denver,https://lu.ma/AsyncHackerHouse,,Brand / Ecosystem House / Lounge
Feb23–Mar2,Lost Tribes: The Blockspace Mansion w/ Polkadot,WebZero and Polkadot,2345 7th St,https://lu.ma/losttribeshackerhouse,,"Brand / Ecosystem House / Lounge, Party / After-hours / Entertainment"
Feb23–Mar2,ETHDenver 2025 Main Event,SporkDAO,National Western Complex,https://www.ethdenver.com/tickets,,Brand / Ecosystem House / Lounge
Feb23–Mar2,AuraVerse DeSci Hub,AuraSci,3141 Walnut St,https://lu.ma/AuraverseDeSciHub,,Brand / Ecosystem House / Lounge
Feb23–Mar2,On-Chain Gaming Hacker House,"Zach Prater, Aavegotchi, Cartesi and Sunrise",Register to see address,https://lu.ma/e1xx6bqe,,"Brand / Ecosystem House / Lounge, Gaming / Sport / Physical Activity, Hackathon / Builder / Developer"
Feb24–Mar1,Flow @ ETH Denver,Flow,1572 N Race St,https://lu.ma/ic9pxa7z,,Brand / Ecosystem House / Lounge
Feb25–Feb26,Superchain Space: Denver,Superchain.Eco,Register to see address,https://lu.ma/superchaindenver,,Brand / Ecosystem House / Lounge
Feb25–Feb26,Symbiotic Builders Café: Denver,Symbiotic,Register to see address,https://lu.ma/evynyxqy,,"Brand / Ecosystem House / Lounge, Hackathon / Builder / Developer"
Feb25–Feb26,1kx Builders Hub | EthDenver Edition,1kx,Register to see address,https://lu.ma/stratvd6,,"Brand / Ecosystem House / Lounge, Hackathon / Builder / Developer"
Feb25–Feb26,The Road to 11 Trillion Agents,Near,Register to see address,https://lu.ma/g6qungq,,Networking / Social
Feb25–Feb27,Corn Hub at ETHDenver,Corn,Riot House Denver,https://lu.ma/cornhubforall,,Brand / Ecosystem House / Lounge
Feb25–Feb27,Onchain Food Truck | DIMO × Base × Blackbird,DIMO and Base,Green Spaces Co-working Market,https://lu.ma/0hp21jl4,,Food / Drink / Dining Experience
Feb25–Mar1,DAO* Builder Hub,Metagov and DAOstar,Register to see address,https://lu.ma/2f1asucy,,"Brand / Ecosystem House / Lounge, Hackathon / Builder / Developer"
Feb26–Feb27,Aggregation Cave (whiteboarding & coworking powered by Polygon Labs),AggLayer,Venture X Denver Lodo,https://lu.ma/yahyunvtd,,Hackathon / Builder / Developer
Feb26–Feb27,BUILD BATTLE | EthDenver Kickoff,Stacks Foundation,The Maven Hotel at Dairy Block,https://lu.ma/z1h13dda,,"Brand / Ecosystem House / Lounge, Hackathon / Builder / Developer"
Feb26–Feb27,NFC Quest: ETH Denver $5K Crypto Treasure Hunt,Sherry,National Western Complex,https://lu.ma/fzgqk30u,,Brand / Ecosystem House / Lounge
Feb26–Feb28,GYMagna – Morning Workout & Crossfit | Day 1-3,Magna,Register to see address,https://lu.ma/ffifm5y5 / https://lu.ma/9aosbhq,,Gaming / Sport / Physical Activity
Feb26–Feb28,TAC Hacker House: The Ultimate Builder Hub @ ETHDenver,TAC,Catbird Hotel,https://lu.ma/TAC_Denver,,"Brand / Ecosystem House / Lounge, Hackathon / Builder / Developer"
Feb26–Feb28,"Upgrade the Internet: Succinct, Celestia, and Conduit","Succinct, Celestia and Conduit",Register to see address,https://lu.ma/igtuw7f,,Networking / Social
Feb27–Mar1,Poker Networking Lounge + EthDenver,Tezza Poker and Pool,National Western Complex,https://lu.ma/9iwm017g,,"Brand / Ecosystem House / Lounge, Networking / Social"
Feb26–Mar2,Bitcoin Block Fest,Bitcoin x AI Startup Lab,River North Art District,https://lu.ma/gfl98k5e,,Networking / Social
Feb27–Feb28,Avail’s Unification House @ ETHDenver 2025,Avail,Register to see address,https://lu.ma/xvs9qc3y,,Brand / Ecosystem House / Lounge
Feb27–Feb28,Rain Cafe featuring Avalanche,Rain and Avalanche,Register to see address,https://lu.ma/9rhahrvt,,Brand / Ecosystem House / Lounge
Feb27–Feb28,Bitcoin Renaissance – 2025 Hosted by Babylon,Babylon,Summit,https://lu.ma/9abbcosp,,Networking / Social
Feb27–Feb28,"DAY ACCESS: Where The Future of Web3, AI & Capital Markets Converge",DNA,Venice,https://lu.ma/z8b9db6p,,Startup / Pitch / Investor
Feb27–Feb28,ApeDEN: Den Pass,ApeChain,The Maven Hotel at Dairy Block,https://lu.ma/h0i9ic5w,,Brand / Ecosystem House / Lounge
Feb27–Feb28,@ the loft,"Chipped, Berabadides and Emojicoin",Register to see address,https://partiful.com/e/cAITpSjkaxawDb,,Networking / Social
Feb28–Mar1,ZK Hub – Day 1 & Day 2,House of ZK,National Western Stock Show,https://lu.ma/zk-hub_ethdenver,,Brand / Ecosystem House / Lounge
Feb27–Mar1,Poker Networking Lounge – ETHDenver,Tezza Poker,National Western Stock Show,https://app.moongate.id/e/poker-ethde,,"Brand / Ecosystem House / Lounge, Networking / Social"
Feb28–Mar1,Chainlink House,Powered by Soneium & Ink,Register to see address,https://lu.ma/ChainlinkHouseDenver,,Brand / Ecosystem House / Lounge
Feb28–Mar1,ZK Hub of ETHDenver,House of ZK,National Western Complex,https://blocklive.io/zkhubethdenver,,Brand / Ecosystem House / Lounge
Feb28–Mar1,Elastic House: Feb 28 – Mar 1,"Abstract, Pudgy Penguins, Sophons, Xsolla, Z",Green Spaces,https://lu.ma/elasticethdenver?tk=S,,Brand / Ecosystem House / Lounge
Mar1–Mar2,DCENTRAL × New Friendship Tech [EthDenver],DCENTRAL and New Friendship Tech,Register to see address,https://lu.ma/newfriendshiptech2024,,Brand / Ecosystem House / Lounge
Mar3–Mar7,Supermoon Camp Breck 2025,Supermoon,Breckenridge,https://lu.ma/wx29089b,,"Brand / Ecosystem House / Lounge, Mountain / Retreat / Outdoor Activity"
Mar3–Mar10,Superfluid ETHDenver Hacker House,Superfluid,Register to see address,https://airtable.com/appXJ4a2tChu86s,,"Brand / Ecosystem House / Lounge, Hackathon / Builder / Developer"
Mar3–Mar13,SUI Summit,SUI,Denver,https://docs.google.com/forms/d/e/1FA,,Summit / Talks / Panels / Education
